chr,start,end,name
SMARCA4,766,931,Helicase ATP
SMARCA4,1084,1246,Helicase Cterm
SMARCA4,460,532,HSA
SMARCA4,171,206,QLQ
SMARCA4,1477,1547,Bromo
SMARCA4,362,459,prelim
SMARCA2,736,901,Helicase ATP
SMARCA2,1054,1216,Helicase Cterm
SMARCA2,436,508,HSA
SMARCA2,173,208,QLQ
SMARCA2,1419,1489,Bromo
SMARCA2,338,436,prelim
ARID1A,1636,1736,CBRA
ARID1A,1017,1108,ARID
ARID1A,1953,2202,CBRB
ARID1B,1590,1690,CBRA
ARID1B,1053,1144,ARID
ARID1B,1904,2130,CBRB
ARID2,106,613,CBR
ARID2,1632,1702,ZnF
ARID2,13,105,ARID
