ProteinID,AnnotName,StartRes,EndRes,Color
sp|Q562R1|ACTBL2,Actin,3,376,#cccccc
sp|Q4VC05|BCL7A,BCL N,1,51,#cccccc
sp|P51531|SMARCA2,Helicase ATP,736,901,#cccccc
sp|P51531|SMARCA2,Helicase Cterm,1054,1216,#1f78b4
sp|P51531|SMARCA2,HSA,436,508,#b3cde3
sp|P51531|SMARCA2,QLQ,173,208,#a6d854
sp|P51531|SMARCA2,Bromo,1419,1489,#fdbf6f
sp|P51531|SMARCA2,prelim,338,436,#a6d854
sp|O96019|ACTL6A,Actin,8,429,#cccccc
sp|Q68CP9|ARID2,CBR,106,613,#cccccc
sp|Q68CP9|ARID2,ZnF,1632,1702,#1f78b4
sp|Q68CP9|ARID2,ARID,13,105,#b3cde3
sp|Q9NPI1|BRD7,DUF3512,287,535,#cccccc
sp|Q9NPI1|BRD7,Bromo,145,218,#1f78b4
sp|Q6STE5|SMARCD3,SWIB,259,334,#cccccc
sp|Q92925|SMARCD2,SWIB,307,382,#cccccc
sp|Q92922|SMARCC1,SWIRM,449,546,#cccccc
sp|Q92922|SMARCC1,SANT,618,669,#1f78b4
sp|Q92922|SMARCC1,CAR,863,961,#b3cde3
sp|Q86U86|PBRM1,BAH2,1156,1272,#cccccc
sp|Q86U86|PBRM1,BAH1,956,1074,#1f78b4
sp|Q86U86|PBRM1,HMG,1379,1446,#b3cde3
sp|Q86U86|PBRM1,Bromo6,792,862,#a6d854
sp|Q86U86|PBRM1,Bromo5,676,746,#fdbf6f
sp|Q86U86|PBRM1,Bromo4,538,608,#a6d854
sp|Q86U86|PBRM1,Bromo3,400,470,#cccccc
sp|Q86U86|PBRM1,Bromo2,200,270,#1f78b4
sp|Q86U86|PBRM1,Bromo1,64,134,#b3cde3
sp|Q8TAQ2|SMARCC2,SWIRM,424,521,#cccccc
sp|Q8TAQ2|SMARCC2,SANT,596,647,#1f78b4
sp|Q8TAQ2|SMARCC2,CAR,865,953,#b3cde3
sp|Q969G3|SMARCE1,CC,220,319,#cccccc
sp|Q969G3|SMARCE1,HMG,66,134,#1f78b4
sp|Q8WUZ0|BCL7C,BCL N,1,51,#cccccc
sp|P51532|SMARCA4,Helicase ATP,766,931,#cccccc
sp|P51532|SMARCA4,Helicase Cterm,1084,1246,#1f78b4
sp|P51532|SMARCA4,HSA,460,532,#b3cde3
sp|P51532|SMARCA4,QLQ,171,206,#a6d854
sp|P51532|SMARCA4,Bromo,1477,1547,#fdbf6f
sp|P51532|SMARCA4,prelim,362,459,#a6d854
sp|Q12824|SMARCB1,CC,334,385,#cccccc
sp|Q12824|SMARCB1,Winged Helix,1,113,#1f78b4
sp|Q12824|SMARCB1,RPT2,259,319,#b3cde3
sp|Q12824|SMARCB1,RPT1,186,245,#a6d854
sp|Q8WUB8|PHF10,SAY,85,295,#cccccc
sp|Q8WUB8|PHF10,ZnF2,438,481,#1f78b4
sp|Q8WUB8|PHF10,ZnF1,379,436,#b3cde3
sp|P60709|ACTB,Actin,2,375,#cccccc
sp|Q96GM5|SMARCD1,SWIB,291,390,#cccccc
