ProteinID,AnnotName,StartRes,EndRes
sp|P51532|SMARCA4,Helicase ATP,766,931
sp|P51532|SMARCA4,Helicase Cterm,1084,1246
sp|P51532|SMARCA4,HSA,460,532
sp|P51532|SMARCA4,QLQ,171,206
sp|P51532|SMARCA4,Bromo,1477,1547
sp|P51532|SMARCA4,prelim,362,459
sp|P51531|SMARCA2,Helicase ATP,736,901
sp|P51531|SMARCA2,Helicase Cterm,1054,1216
sp|P51531|SMARCA2,HSA,436,508
sp|P51531|SMARCA2,QLQ,173,208
sp|P51531|SMARCA2,Bromo,1419,1489
sp|P51531|SMARCA2,prelim,338,436
sp|O14497|ARID1A,CBRA,1636,1736
sp|O14497|ARID1A,ARID,1017,1108
sp|O14497|ARID1A,CBRB,1953,2202
sp|Q8NFD5|ARID1B,CBRA,1590,1690
sp|Q8NFD5|ARID1B,ARID,1053,1144
sp|Q8NFD5|ARID1B,CBRB,1904,2130
sp|Q68CP9|ARID2,CBR,106,613
sp|Q68CP9|ARID2,ZnF,1632,1702
sp|Q68CP9|ARID2,ARID,13,105
sp|Q4VC05|BCL7A,BCL N,1,51
sp|Q9BQE9|BCL7B,BCL N,1,51
sp|Q8WUZ0|BCL7C,BCL N,1,51
sp|Q12824|SMARCB1,CC,334,385
sp|Q12824|SMARCB1,Winged Helix,1,113
sp|Q12824|SMARCB1,RPT2,259,319
sp|Q12824|SMARCB1,RPT1,186,245
sp|Q92922|SMARCC1,SWIRM,449,546
sp|Q92922|SMARCC1,SANT,618,669
sp|Q92922|SMARCC1,CAR,863,961
sp|Q8TAQ2|SMARCC2,SWIRM,424,521
sp|Q8TAQ2|SMARCC2,SANT,596,647
sp|Q8TAQ2|SMARCC2,CAR,865,953
sp|Q96GM5|SMARCD1,SWIB,291,390
sp|Q92925|SMARCD2,SWIB,307,382
sp|Q6STE5|SMARCD3,SWIB,259,334
sp|Q969G3|SMARCE1,CC,220,319
sp|Q969G3|SMARCE1,HMG,66,134
sp|Q15532|SS18,SSXT,13,74
sp|P60709|ACTB,Actin,2,375
sp|O96019|ACTL6A,Actin,8,429
sp|Q92785|DPF2,PHD1,272,329
sp|Q92785|DPF2,PHD2,330,376
sp|Q92785|DPF2,Requiem,13,84
sp|Q92784|DPF3,PHD1,261,318
sp|Q92784|DPF3,PHD2,319,366
sp|Q92784|DPF3,Requiem,13,84
sp|Q86U86|PBRM1,BAH2,1156,1272
sp|Q86U86|PBRM1,BAH1,956,1074
sp|Q86U86|PBRM1,HMG,1379,1446
sp|Q86U86|PBRM1,Bromo6,792,862
sp|Q86U86|PBRM1,Bromo5,676,746
sp|Q86U86|PBRM1,Bromo4,538,608
sp|Q86U86|PBRM1,Bromo3,400,470
sp|Q86U86|PBRM1,Bromo2,200,270
sp|Q86U86|PBRM1,Bromo1,64,134
sp|Q9NPI1|BRD7,DUF3512,287,535
sp|Q9NPI1|BRD7,Bromo,145,218
sp|Q562R1|ACTBL2,Actin,3,376
sp|Q8WUB8|PHF10,SAY,85,295
sp|Q8WUB8|PHF10,ZnF2,438,481
sp|Q8WUB8|PHF10,ZnF1,379,436
sp|Q96QV6|HIST1H2AA,H2A Tail,118,131
tr|B4DR52|B4DR52_HUMAN,H2B tail,1,30
sp|P84243|H33_HUMAN,H3 Tail,1,79
sp|P62805|H4,H4 Tail,1,20
sp|Q9H8M2|BRD9,Bromo,136,240
sp|Q6AI39|GLTSCR1L,GLTSCR1L,1,1079
sp|O96019|ACL6A,ACL6A,1,429
sp|O94805|ACL6B,ACL6B,1,426
sp|P04150|GR,NR LBD,524,758
sp|Q9BUJ2|HNRL1,SAP,3,37
sp|Q9BUJ2|HNRL1,SPRY,191,388
sp|O75177|SS18L1,SS18L1,1,396
sp|Q9H8M2|BRD9,Bromo,136,240
sp|Q92782|DPF1,ZnF_C2H2,195,218
sp|Q92782|DPF1,ZnF_PHD1,271,328